Date,Time,Temperature,Field_Site,NestCode,Eggs,Nestlings,NestStatus,YoungStatus,AdultStatus,Predators,PredatorType
05/05/2023,0621,6,Technoparc,N2C1TECH1,NA,NA,CN,NO,NO,N,NA
08/05/2023,1302,16,Technoparc,N6R4TECH3,NA,NA,CN,NO,NO,N,NA
08/05/2023,1310,16,Technoparc,N7R5TECH4,NA,NA,CN,NO,RA,N,NA
08/05/2023,1329,16,Technoparc,N5R3TECH2,NA,NA,CN,NO,RA,N,NA
08/05/2023,1346,16,Technoparc,N2C1TECH1,NA,NA,CN,NO,NO,N,NA
08/05/2023,1352,16,Technoparc,N8R6TECH5,NA,NA,CN,NO,NO,N,NA
08/05/2023,1357,16,Technoparc,N9R7TECH6,4,NA,CN,NO,NO,N,NA
11/05/2023,0632,12,Technoparc,N18C8TECH13,NA,NA,CN,NO,RA,N,NA
11/05/2023,0657,12,Technoparc,N2C1TECH1,NA,NA,CN,NO,NO,N,NA
11/05/2023,0707,12,Technoparc,N13R9TECH8,NA,NA,DN,NO,DA,N,NA
11/05/2023,0834,14,Technoparc,N8R6TECH5,NA,NA,CN,NO,NO,N,NA
11/05/2023,0843,14,Technoparc,N9R7TECH6,4,NA,CN,NO,NO,N,NA
11/05/2023,0910,15,Technoparc,N16C6TECH11,NA,3,CN,PY,AA,N,NA
11/05/2023,1040,18,Technoparc,N6R4TECH3,NA,NA,CN,NO,RA,N,NA
11/05/2023,1054,18,Technoparc,N7R5TECH4,NA,NA,CN,NO,VA,N,NA
11/05/2023,1305,22,Technoparc,N17C7TECH12,1,NA,CN,NO,NO,N,NA
11/05/2023,0128,22,Technoparc,N14C5TECH9,2,NA,RN,NO,VA,N,NA
11/05/2023,1246,21,Technoparc,N15R10TECH10,NA,3,CN,PY,AA,N,NA
11/05/2023,1351,23,Technoparc,N12C4TECH7,NA,NA,IU,IU ,IU,N,NA
11/05/2023,1230,22,Technoparc,N19C9TECH14,NA,NA,FN,NO,NO,N,NA
11/05/2023,1236,23,Technoparc,N20R11TECH15,NA,NA,CN,NO,RA,N,NA
14/05/2023,1330,14,Technoparc,N5R3TECH2,0,0,CN,NO,VA,N,NA
14/05/2023,1345,14,Technoparc,N6R4TECH3,NA,NA,CN,IU ,RA,N,NA
14/05/2023,1340,14,Technoparc,N7R5TECH4,0,0,CN,NO,NO,Y,Raven
14/05/2023,1134,11,Technoparc,N8R6TECH5,0,0,CN,NO,NO,N,NA
14/05/2023,1137,11,Technoparc,N9R7TECH6,4,0,CN,NO,NO,N,NA
14/05/2023,1222,13,Technoparc,N2C1TECH1,0,0,FN,NO,NO,N,NA
14/05/2023,1117,13,Technoparc,N27R13TECH16,0,0,DN,NO,NO,N,NA
14/05/2023,1051,11,Technoparc,N15R10TECH10,NA,3,CN,PY,VA,N,NA
14/05/2023,1203,12,Technoparc,N16C6TECH11,0,0,CN,NO,NO,N,NA
14/05/2023,1215,12,Technoparc,N17C7TECH12,1,0,CN,NO,NO,N,NA
14/05/2023,1242,15,Technoparc,N18C8TECH13,NA,NA,CN,IU ,RA,N,NA
14/05/2023,1036,10,Technoparc,N19C9TECH14,0,0,CN,NO,NO,N,NA
14/05/2023,1232,13,Technoparc,N12C4TECH7,NA,NA,CN,IU ,IU,N,NA
14/05/2023,1126,11,Technoparc,N28R14TECH17,NA,NA,CN,NO,NO,N,NA
14/05/2023,1320,14,Technoparc,N29R15TECH18,2,NA,CN,NO,AA,N,NA
14/05/2023,1335,14,Technoparc,N30R16TECH19,NA,NA,CN,NO,RA,Y,Raven
17/05/2023,0626,2,Technoparc,N18C8TECH13,NA,NA,CN,IU ,RA,N,NA
17/05/2023,0631,2,Technoparc,N12C4TECH7,NA,NA,CN,IU ,NO,N,NA
17/05/2023,0645,2,Technoparc,N15R10TECH10,NA,3,CN,FY ,VA,N,NA
17/05/2023,0653,2,Technoparc,N27R13TECH16,1,NA,CN,NO,NO,N,NA
17/05/2023,0714,2,Technoparc,N28R14TECH17,NA,NA,CN,NO,NO,N,NA
17/05/2023,0732,2,Technoparc,N8R6TECH5,NA,NA,CN,NO,NO,N,NA
17/05/2023,0738,2,Technoparc,N9R7TECH6,4,NA,CN,NO,NO,N,NA
17/05/2023,0823,2,Technoparc,N16C6TECH11,NA,NA,CN,NO,NO,N,NA
17/05/2023,0832,2,Technoparc,N17C7TECH12,1,NA,FN,NO,NO,N,NA
17/05/2023,0930,2,Technoparc,N5R3TECH2,NA,NA,CN,NO,NO,N,NA
17/05/2023,0932,4,Technoparc,N29R16TECH18,NA,NA,CN,NO,RA,N,NA
17/05/2023,0937,4,Technoparc,N30R16TECH19,NA,NA,CN,IU ,RA,N,NA
17/05/2023,0944,4,Technoparc,N7R5TECH4,NA,NA,CN,NO,NO,N,NA
17/05/2023,1000,4,Technoparc,N6R4TECH3,NA,NA,CN,NO,RA,N,NA
20/05/2023,1328,19,Technoparc,N18C8TECH13,NA,NA,CN,IU ,RA,N,NA
20/05/2023,1332,19,Technoparc,N12C4TECH7,NA,NA,IU,IU ,IU,N,NA
20/05/2023,1351,19,Technoparc,N15R10TECH10,0,1,CN,VY,VA,N,NA
20/05/2023,1419,20,Technoparc,N27R13TECH16,1,0,CN,NO,VA,Y,Squirrel 
20/05/2023,1435,20,Technoparc,N38R20TECH19,4,0,CN,NO,AA,N,NA
20/05/2023,1520,22,Technoparc,N29R15TECH18,NA,NA,CN,IU ,RA,N,NA
20/05/2023,1534,22,Technoparc,N30R16TECH19,NA,NA,CN,IU ,RA,N,NA
20/05/2023,1536,22,Technoparc,N39R21TECH21,NA,NA,CN,IU ,VA,N,NA
20/05/2023,1538,22,Technoparc,N7R5TECH4,NA,NA,CN,IU ,NO,N,NA
20/05/2023,1541,21,Technoparc,N41R23TECH23,1,0,CN,NO,AA,N,NA
20/05/2023,1536,21,Technoparc,N40R22TECH22,0,0,FN,NO,VA,N,NA
20/05/2023,1533,22,Technoparc,N6R4TECH3,NA,NA,CN,IU ,RA,N,NA
20/05/2023,1540,23,Technoparc,N42R24TECH24,0,0,IN,NO,NO,Y,Squirrel 
20/05/2023,1552,23,Technoparc,N43R25TECH25,0,2,CN,NY,AA,N,NA
20/05/2023,1438,23,Technoparc,N28R14TECH17,NA,NA,CN,IU ,VA,N,NA
24/05/2023,0618,15,Technoparc,N18C8TECH8,NA,NA,CN,IU ,NO,N,NA
24/05/2023,0619,15,Technoparc,N12C4TECH7,NA,NA,CN,IU ,NO,N,NA
24/05/2023,0646,15,Technoparc,N38R20TECH19,4,NA,CN,NO,RA,N,NA
24/05/2023,0756,16,Technoparc,N6R4TECH3,NA,1,CN,IU ,NO,N,NA
24/05/2023,0738,16,Technoparc,N7R5TECH4,NA,NA,DN,NO,NO,N,NA
24/05/2023,0729,15,Technoparc,N29R15TECH18,NA,NA,CN,IU ,RA,Y,Raven
24/05/2023,0732,16,Technoparc,N30R16TECH19,NA,NA,CN,NO,NO,N,NA
24/05/2023,0742,16,Technoparc,N39R21TECH20,NA,NA,CN,NO,NO,N,NA
24/05/2023,0751,16,Technoparc,N41R23TECH22,NA,NA,CN,IU ,IU,N,NA
24/05/2023,0802,16,Technoparc,N42R24TECH24,NA,NA,CN,IU ,RA,N,NA
24/05/2023,0815,16,Technoparc,N43R25TECH25,NA,2,CN,NO,VA,N,NA
27/05/2023,1106,20,Technoparc,N6R4TECH3,0,NA,CN,IU ,VA,N,NA
27/05/2023,0959,17,Technoparc,N12C4TECH7,NA,NA,IU,IU ,IU,N,NA
27/05/2023,0951,17,Technoparc,N18C8TECH13,NA,NA,CN,IU ,NO,Y,Grackle
27/05/2023,1048,19,Technoparc,N29R15TECH18,NA,NA,CN,IU ,RA,Y,Red_Tailed_Hawk
27/05/2023,1025,19,Technoparc,N38R20TECH20,0,3,CN,PY,RA,N,NA
27/05/2023,1056,19,Technoparc,N39R21TECH21,0,0,CN,NO,NO,N,NA
27/05/2023,1104,20,Technoparc,N41R23TECH23,3,0,CN,NO,VA,N,NA
27/05/2023,1124,20,Technoparc,N42R24TECH24,3,NA,CN,IU ,NO,N,NA
27/05/2023,1205,23,Technoparc,N43R25TECH25,0,2,CN,PY,VA,N,NA
27/05/2023,1020,19,Technoparc,N50C20TECH26,0,0,IN,NO,NO,N,NA
27/05/2023,1255,23,Technoparc,N51YW2TECH27,0,0,CN,NO,NO,N,NA
30/05/2023,0836,16,Technoparc,N6R4TECH3,NA,NA,CN,IU ,NO,N,NA
30/05/2023,1106,22,Technoparc,N12C4TECH7,NA,NA,IU,IU ,IU,N,NA
30/05/2023,1105,22,Technoparc,N18C8TECH13,2,NA,CN,NO,NO,N,NA
30/05/2023,0810,16,Technoparc,N29R15TECH18,NA,2,CN,PY,VA,N,NA
30/05/2023,0656,12,Technoparc,N38R20TECH20,NA,4,CN,NO,NO,N,NA
30/05/2023,0818,16,Technoparc,N39R21TECH21,NA,NA,RN,NO,NO,N,NA
30/05/2023,0827,16,Technoparc,N41R23TECH23,NA,2,CN,PY,AA,N,NA
30/05/2023,0906,18,Technoparc,N42R24TECH24,NA,NA,FN,NO,NO,N,NA
30/05/2023,0902,18,Technoparc,N43R25TECH25,NA,2,CN,FY ,VA,N,NA
30/05/2023,0652,12,Technoparc,N50C20TECH26,NA,NA,IN,NO,NO,N,NA
30/05/2023,0708,12,Technoparc,N51YW2TECH27,NA,NA,RN,NO,NO,N,NA
30/05/2023,0640,12,Technoparc,N61R32TECH28,3,NA,CN,NO,AA,N,NA
02/06/2023,0829,23,Technoparc,N61R32TECH28,NA,NA,CN,IU ,RA,N,NA
02/06/2023,0847,23,Technoparc,N63YW5TECH30,NA,NA,CN,NO,VA,N,NA
02/06/2023,0847,23,Technoparc,N64R33TECH31,NA,NA,CN,IU ,NO,N,NA
02/06/2023,0901,23,Technoparc,N50C20TECH26,NA,NA,DN,NO,NO,N,NA
02/06/2023,0908,23,Technoparc,N38R20TECH20,NA,4,CN,PY,VA,N,NA
02/06/2023,0923,25,Technoparc,N62YW4TECH29,3,NA,CN,NO,RA,N,NA
02/06/2023,1036,27,Technoparc,N66YW6TECH33,NA,NA,CN,IU ,VA,N,NA
02/06/2023,1102,28,Technoparc,N65R34TECH32,NA,3,CN,VY,NO,N,NA
02/06/2023,1112,29,Technoparc,N29R15TECH18,NA,NA,CN,NO,NO,N,NA
02/06/2023,1121,29,Technoparc,N41R23TECH23,2,1,CN,HY,AA,N,NA
02/06/2023,1122,29,Technoparc,N6R4TECH3,NA,NA,CN,IU ,IU,N,NA
05/06/2023,1122,18,Technoparc,N6R4TECH3,NA,NA,DN,IU ,NO,N,NA
05/06/2023,1250,19,Technoparc,N18C8TECH13,1,NA,CN,NO,NO,N,NA
05/06/2023,0653,11,Technoparc,N38R20TECH20,NA,4,CN,FY ,VA,N,NA
05/06/2023,1120,18,Technoparc,N41R23TECH23,NA,NA,CN,IU ,RA,N,NA
05/06/2023,0634,11,Technoparc,N61R32TECH28,NA,NA,CN,IU ,RA,N,NA
05/06/2023,0659,11,Technoparc,N62YW4TECH29,3,NA,CN,NO,AA,N,NA
05/06/2023,0638,11,Technoparc,N63YW5TECH30,3,NA,CN,NO,VA,N,NA
05/06/2023,1138,18,Technoparc,N66YW6TECH33,NA,NA,CN,IU ,VA,N,NA
05/06/2023,0708,12,Technoparc,N69YW7TECH34,1,NA,CN,NO,VA,N,NA
05/06/2023,0710,12,Technoparc,N70YW8TECH35,5,NA,CN,NO,VA,N,NA
05/06/2023,1104,18,Technoparc,N71YW9TECH36,4,NA,CN,NO,AA,N,NA
05/06/2023,0638,11,Technoparc,N64R33TECH31,NA,NA,CN,NO,VA,N,NA
08/06/2023,0627,10,Technoparc,N73GC4TECH38,3,NA,CN,NO,VA,N,NA
08/06/2023,0851,12,Technoparc,N71YW9TECH36,4,NA,CN,NO,AA,N,NA
08/06/2023,0907,12,Technoparc,N6R4TECH3,NA,NA,CN,NO,NO,N,NA
08/06/2023,0921,12,Technoparc,N66YW6TECH33,NA,NA,CN,IU ,NO,N,NA
08/06/2023,0947,12,Technoparc,N70YW8TECH35,4,NA,CN,NO,VA,N,NA
08/06/2023,0955,12,Technoparc,N69YW7TECH34,1,NA,CN,NO,NO,Y,Crow
08/06/2023,0957,12,Technoparc,N62YW4TECH29,4,NA,CN,NO,VA,N,NA
08/06/2023,0959,12,Technoparc,N38R20TECH20,NA,2,CN,FY ,VA,N,NA
08/06/2023,1042,13,Technoparc,N61R32TECH28,3,NA,CN,NO,AA,N,NA
08/06/2023,1048,13,Technoparc,N63YW5TECH30,3,NA,CN,NO,AA,N,NA
12/06/2023,1239,26,Technoparc,N61R32TECH28,NA,4,CN,PY,NO,N,NA
12/06/2023,1219,25,Technoparc,N62YW4TECH29,4,NA,CN,NO,AA,N,NA
12/06/2023,1220,25,Technoparc,N63YW5TECH30,NA,NA,CN,IU ,RA,N,NA
12/06/2023,1225,25,Technoparc,N64R33TECH31,NA,NA,IU,IU ,IU,N,NA
12/06/2023,1147,25,Technoparc,N66YW6TECH33,NA,NA,CN,IU ,NO,Y,Squirrel 
12/06/2023,1132,15,Technoparc,N69YW7TECH34,1,NA,CN,NO,VA,N,NA
12/06/2023,1120,25,Technoparc,N70YW8TECH35,NA,NA,RN,NO,NO,N,NA
12/06/2023,1120,24,Technoparc,N71YW9TECH36,0,0,CN,NO,NO,Y,Raven
12/06/2023,1231,26,Technoparc,N72YW10TECH37,NA,NA,CN,IU ,RA,N,NA
12/06/2023,1010,23,Technoparc,N73GC4TECH38,1,2,CN,PY,VA,N,NA
12/06/2023,1115,24,Technoparc,N77GC6TECH39,4,NA,CN,NO,AA,Y,Raven
12/06/2023,1058,23,Technoparc,N78R36TECH40,0,4,CN,PY,AA,N,NA
12/06/2023,1036,23,Technoparc,N79YW13TECH41,0,4,CN,PY,AA,N,NA
12/06/2023,1128,24,Technoparc,N80R37TECH42,NA,NA,CN,IU ,RA,Y,Raven
12/06/2023,1243,26,Technoparc,N81R38TECH43,NA,NA,CN,NO,VA,N,NA
12/06/2023,1217,25,Technoparc,N38R20TECH20,0,1 dead,CN,IU ,NO,N,NA
12/06/2023,1137,25,Technoparc,N41R23TECH23,NA,NA,CN,NO,NO,N,NA
16/06/2023,1021,19,Technoparc,N61R32TECH28,0,3,CN,PY,VA,N,NA
16/06/2023,1008,18,Technoparc,N62YW4TECH29,NA,NA,CN,IU ,RA,N,NA
16/06/2023,1018,19,Technoparc,N63YW5TECH30,NA,NA,CN,IU ,RA,N,NA
16/06/2023,1017,19,Technoparc,N66YW6TECH33,NA,NA,,IU ,IU,,NA
16/06/2023,1001,18,Technoparc,N69YW7TECH34,1,0,CN,NO,NO,N,NA
16/06/2023,1007,18,Technoparc,N70YW8TECH35,NA,NA,,IU ,IU,,NA
16/06/2023,0915,18,Technoparc,N71YW9TECH36,0,0,CN,NO,NO,N,NA
16/06/2023,1016,18,Technoparc,N72YW10TECH37,NA,NA,CN,NO,RA,N,NA
16/06/2023,0840,18,Technoparc,N73GC4TECH38,0,3,CN,NO,NO,Y,Squirrel 
16/06/2023,0904,18,Technoparc,N77GC6TECH39,4,0,CN,NO,VA,Y,Raven 
16/06/2023,0855,18,Technoparc,N78R36TECH40,0,0,RN,NO,NO,N,NA
16/06/2023,0851,18,Technoparc,N79YW13TECH41,0,0,DN,NO,NO,N,NA
16/06/2023,0912,18,Technoparc,N80R37TECH42,NA,NA,CN,NO,AA,N,NA
16/06/2023,1020,19,Technoparc,N81R38TECH43,NA,NA,CN,IU ,RA,N,NA
16/06/2023,1024,19,Technoparc,N41R23TECH23,NA,NA,IU,IU ,IU,N,NA
16/06/2023,0952,19,Technoparc,N88YW17TECH44,0,4,CN,PY,AA,N,NA
19/06/2023,0755,14,Technoparc,N61R32TECH28,NA,3,CN,PY,VA,N,NA
19/06/2023,0740,14,Technoparc,N62YW4TECH29,NA,3,CN,PY,VA,N,NA
19/06/2023,0749,14,Technoparc,N63YW5TECH30,NA,NA,CN,IU ,RA,N,NA
19/06/2023,0720,12,Technoparc,N69YW7TECH34,1,NA,CN,NO,NO,N,NA
19/06/2023,0620,12,Technoparc,N72YW10TECH37,NA,NA,CN,IU ,RA,N,NA
19/06/2023,0627,12,Technoparc,N73GC4TECH38,NA,3,CN,PY,VA,N,NA
19/06/2023,0640,12,Technoparc,N77GC6TECH39,4,NA,CN,NO,AA,Y,Raven 
19/06/2023,0638,12,Technoparc,N80R37TECH42,NA,NA,CN,IU ,RA,N,NA
19/06/2023,0751,14,Technoparc,N81R38TECH43,3,NA,CN,NO,AA,N,NA
19/06/2023,0718,12,Technoparc,N88YW17TECH44,NA,4,CN,PY,VA,N,NA
22/06/2023,0913,21,Technoparc,N61R32TECH28,NA,3,CN,VY,VA,N,NA
22/06/2023,0837,21,Technoparc,N62YW4TECH29,NA,3,FN,VY,VA,N,NA
22/06/2023,0910,21,Technoparc,N63YW5TECH30,NA,1,CN,PY,VA,N,NA
22/06/2023,0826,20,Technoparc,N69YW7TECH34,1,NA,CN,NO,VA,N,NA
22/06/2023,0853,21,Technoparc,N72YW10TECH37,NA,NA,CN,IU ,RA,N,NA
22/06/2023,0924,21,Technoparc,N73GC4TECH38,NA,3,CN,FY ,RA,N,NA
22/06/2023,0929,21,Technoparc,N77GC6TECH39,NA,NA,CN,IU ,RA,Y,Raven
22/06/2023,0934,21,Technoparc,N80R37TECH42,NA,NA,CN,IU ,IU,N,NA
22/06/2023,0911,21,Technoparc,N81R38TECH43,NA,NA,CN,IU ,RA,N,NA
22/06/2023,0820,20,Technoparc,N88YW17TECH44,NA,3,CN,VY,VA,N,NA
26/06/2023,1112,24,Technoparc,N61R32TECH28,NA,NA,FN,NO,VA,N,NA
26/06/2023,1121,24,Technoparc,N81R38TECH43,NA,NA,CN,IU ,RA,N,NA
26/06/2023,1149,25,Technoparc,N62YW4TECH29,NA,NA,FN,NO,NO,N,NA
26/06/2023,0003,25,Technoparc,N72YW10TECH37,NA,NA,CN,IU ,NO,N,NA
26/06/2023,0022,26,Technoparc,N69YW7TECH34,1,NA,CN,NO,NO,N,NA
26/06/2023,1243,26,Technoparc,N80R37TECH42,NA,NA,IU,IU ,VA,N,NA
26/06/2023,1253,26,Technoparc,N77GC6TECH39,NA,4,CN,PY,VA,N,NA
26/06/2023,1230,26,Technoparc,N73GC4TECH38,NA,NA,FN,NO,VA,Y,Raven
26/06/2023,1123,24,Technoparc,N63YW5TECH30,NA,1,CN,IU ,VA,N,NA
30/06/2023,0706,18,Technoparc,N61R32TECH28,NA,NA,IU,IU ,VA,N,NA
30/06/2023,0712,18,Technoparc,N81R38TECH43,NA,3,CN,PY,VA,N,NA
30/06/2023,0736,18,Technoparc,N72YW10TECH37,NA,NA,CN,IU ,NO,N,NA
30/06/2023,0727,18,Technoparc,N69YW7TECH34,1,NA,CN,NO,VA,N,NA
30/06/2023,0820,20,Technoparc,N80R37TECH42,NA,NA,IU,IU ,VA,N,NA
30/06/2023,0814,20,Technoparc,N77GC6TECH39,NA,3,CN,PY,VA,N,NA
30/06/2023,0709,18,Technoparc,N63YW5TECH30,NA,NA,CN,NO,NO,N,NA
04/07/2023,0747,22,Technoparc,N81R38TECH43,NA,3,CN,PY,VA,N,NA
04/07/2023,0842,22,Technoparc,N72YW10TECH37,NA,NA,CN,NO,NO,N,NA
04/07/2023,0902,22,Technoparc,N77GC6TECH39,NA,NA,CN,IU ,VA,N,NA
04/07/2023,0748,22,Technoparc,N63YW5TECH30,NA,NA,CN,IU ,NO,N,NA
04/07/2023,0730,22,Technoparc,N95YW21TECH45,NA,3,CN,PY,NO,N,NA
06/07/2023,0644,22,Technoparc,N77GC6TECH39,0,0,CN,NO,VA,N,NA
06/07/2023,0956,30,Technoparc,N95YW21TECH45,0,3,CN,PY,VA,N,NA
06/07/2023,1018,30,Technoparc,N81R38TECH43,0,3,CN,FY ,VA,N,NA
10/07/2023,0944,21,Technoparc,N81R38TECH43,0,2,CN,FY ,VA,N,NA
10/07/2023,1010,21,Technoparc,N95YW21TECH45,0,3,CN,FY ,NO,N,NA
10/07/2023,1020,21,Technoparc,N98C26TECH42,NA,0,CN,NO,AA,Y,Raven
13/07/2023,0822,20,Technoparc,N95YW21TECH45,0,NA,CN,VY,VA,N,NA
13/07/2023,0834,20,Technoparc,N98C26TECH42,NA,NA,CN,IU ,RA,N,NA
17/7/2023,0800,22,Technoparc,N98C26TECH42,NA,NA,CN,IU ,RA,N,NA
22/07/2023,1200,22,Technoparc,N98C26TECH42,NA,NA,CN,IU ,AA,N,NA
26/07/2023,1207,29,Technoparc,N98C26TECH42,NA,NA,CN,IU ,RA,Y,Raven
30/07/2023,1300,22,Technoparc,N98C26TECH42,NA,NA,CN,IU ,NO,N,NA
02/08/2023,0932,18,Technoparc,N98C26TECH42,NA,NA,CN,IU ,NO,N,NA
08/08/2023,1255,22,Technoparc,N98C26TECH42,0,0,CN,NO,NO,N,NA
01/05/2023,0630,10,MorganArboretum,N1R1ARBO1,NA,NA,DN,NO,NO,Y,Squirrel 
07/05/2023,1102,18,MorganArboretum,N4R2ARBO2,NA,NA,CN,NO,RA,N,NA
10/05/2023,1226,18,MorganArboretum,N4R2ARBO2,NA,NA,CN,NO,RA,Y,BlueJay
13/05/2023,1515,20,MorganArboretum,N4R2ARBO2,NA,NA,CN,NO,RA,N,NA
16/05/2023,1432,11,MorganArboretum,N4R2ARBO2,NA,NA,CN,NO,RA,N,NA
19/05/2023,0613,8,MorganArboretum,N4R2ARBO2,NA,NA,CN,NO,RA,N,NA
23/05/2023,1216,15,MorganArboretum,N4R2ARBO2,0,2,CN,IU ,RA,N,NA
23/05/2023,1244,16,MorganArboretum,N46R27ARBO3,NA,NA,CN,IU ,VA,N,NA
26/05/2023,0632,7,MorganArboretum,N46R27ARBO3,NA,NA,CN,IU ,RA,Y,Squirrel 
26/05/2023,0638,7,MorganArboretum,N49R29ARBO4,NA,NA,CN,IU ,RA,Y,Chipmunk
26/05/2023,0909,12,MorganArboretum,N4R2ARBO2,NA,NA,CN,IU ,RA,N,NA
29/05/2023,0659,13,MorganArboretum,N59C22ARBO5,1,NA,DN,NO,NO,N,NA
29/05/2023,0655,13,MorganArboretum,N46R27ARBO3,NA,NA,CN,IU ,RA,Y,Squirrel 
29/05/2023,0652,13,MorganArboretum,N49R29ARBO4,NA,NA,CN,IU ,RA,N,NA
29/05/2023,0628,13,MorganArboretum,N4R2ARBO2,NA,2,CN,IU ,FA,N,NA
01/06/2023,0653,19,MorganArboretum,N46R27ARBO3,NA,NA,CN,IU ,RA,N,NA
01/06/2023,0656,19,MorganArboretum,N49R29ARBO4,NA,NA,CN,IU ,RA,N,NA
01/06/2023,0630,19,MorganArboretum,N4R2ARBO2,NA,3,CN,FY ,NO,N,NA
04/06/2023,1050,15,MorganArboretum,N4R2ARBO2,NA,3,FN,VY,VA,N,NA
04/06/2023,1059,15,MorganArboretum,N46R27ARBO3,NA,2,CN,PY,RA,N,NA
07/06/2023,0740,12,MorganArboretum,N46R27ARBO3,NA,2,CN,IU ,FA,N,NA
07/06/2023,0745,12,MorganArboretum,N49R29ARBO4,NA,1,CN,IU ,RA,N,NA
10/06/2023,1750,22,MorganArboretum,N46R27ARBO3,NA,1,CN,IU ,NO,N,NA
10/06/2023,1752,22,MorganArboretum,N49R29ARBO4,NA,NA,DN,IU ,NO,N,NA
14/06/2023,1233,21,MorganArboretum,N46R27ARBO3,NA,3,CN,FY ,NO,N,NA
14/06/2023,1240,21,MorganArboretum,N49R29ARBO4,NA,NA,DN,IU ,NO,N,NA
16/06/2023,0706,17,MorganArboretum,N46R27ARBO3,NA,1,CN,VY,FA,Y,Squirrel 
06/05/2023,1006,16,BoisdeLiesse,N3C2BDL1,1,NA,CN ,NO,NO,N,NA
09/05/2023,0613,5,BoisdeLiesse,N3C2BDL1,NA,NA,CN ,NO,RA,N,NA
09/05/2023,0706,7,BoisdeLiesse,N11C3BDL3,NA,NA,CN ,NO,VA,N,NA
12/05/2023,0628,16,BoisdeLiesse,N24C13BDL7,NA,NA,DN,NO,RA,N,NA
12/05/2023,0637,16,BoisdeLiesse,N23C12BDL6,NA,NA,CN ,NO,NO,N,NA
12/05/2023,0650,16,BoisdeLiesse,N3C2BDL1,NA,NA,DN,NO,RA,N,NA
12/05/2023,0655,16,BoisdeLiesse,N21C10BDL4,NA,NA,CN ,NO,RA,N,NA
12/05/2023,0719,16,BoisdeLiesse,N22C11BDL5,NA,NA,CN ,NO,NO,N,NA
12/05/2023,0750,16,BoisdeLiesse,N10R8BDL2,NA,NA,CN ,NO,NO,N,NA
12/05/2023,0932,19,BoisdeLiesse,N11C3BDL3,NA,NA,CN ,NO,NO,N,NA
15/05/2023,0635,9,BoisdeLiesse,N3C2BDL1,NA,NA,CN ,NO,RA,N,NA
15/05/2023,0643,9,BoisdeLiesse,N31C15BDL8,1,NA,CN ,NO,NO,N,NA
15/05/2023,0647,9,BoisdeLiesse,N24C13BDL7,NA,NA,CN ,NO,RA,Y,NA
15/05/2023,0710,10,BoisdeLiesse,N21C10BDL4,NA,NA,CN ,NO,RA,N,NA
15/05/2023,0823,11,BoisdeLiesse,N32R17BDL9,NA,NA,CN ,NO,RA,N,NA
15/05/2023,0848,12,BoisdeLiesse,N33R18BDL10,NA,NA,CN ,NO,RA,N,NA
15/05/2023,0858,12,BoisdeLiesse,N34C16BDL11,NA,NA,CN ,NO,NO,N,NA
18/05/2023,0619,3,BoisdeLiesse,N31C15BDL8,3,NA,CN,NO,AA,N,NA
18/05/2023,0627,3,BoisdeLiesse,N24C13BDL7,NA,1,CN,NY,NO,N,NA
18/05/2023,0631,3,BoisdeLiesse,N3C2BDL1,NA,NA,CN,IU,RA,N,NA
18/05/2023,0648,3,BoisdeLiesse,N21C10BDL4,NA,NA,CN,IU,RA,N,NA
18/05/2023,0700,3,BoisdeLiesse,N35R17BDL12,NA,NA,CN,IU,AA,N,NA
18/05/2023,0710,3,BoisdeLiesse,N32R17BDL9,NA,NA,CN,NO,RA,N,NA
18/05/2023,0806,3,BoisdeLiesse,N37C18BDL14,2,NA,CN,NO,NO,N,NA
18/05/2023,0810,3,BoisdeLiesse,N34C16BDL11,NA,NA,CN,NO,NO,N,NA
18/05/2023,0827,3,BoisdeLiesse,N36C17BDL13,NA,NA,CN,NO,NO,N,NA
18/05/2023,0930,3,BoisdeLiesse,N33R18BDL10,NA,NA,CN,NO,NO,N,NA
21/05/2023,0130,20,BoisdeLiesse,N24C13BDL7,1,1,CN,NY,NO,N,NA
21/05/2023,0134,20,BoisdeLiesse,N3C2BDL1,NA,NA,CN,NA,RA,N,NA
21/05/2023,0140,20,BoisdeLiesse,N44R26BDL15,1,NA,CN,NA,NO,N,NA
21/05/2023,0144,20,BoisdeLiesse,N21C10BDL4,NA,NA,CN,NA,RA,N,NA
21/05/2023,0150,20,BoisdeLiesse,N32R17BDL9,NA,NA,CN,NA,RA,Y,Squirrel 
21/05/2023,0210,20,BoisdeLiesse,N45C19BDL16,3,NA,CN,NO,VA,N,NA
21/05/2023,0219,20,BoisdeLiesse,N33R18BDL10,NA,NA,CN,NA,RA,N,NA
21/05/2023,0222,22,BoisdeLiesse,N37C18BDL14,3,NA,CN,NA,AA,Y,Squirrel 
21/05/2023,0230,22,BoisdeLiesse,N34C16BDL11,0,0,CN,NO,NO,Y,Crow
21/05/2023,0249,22,BoisdeLiesse,N36C17BDL13,0,0,CN,NO,NO,N,NA
21/05/2023,0307,22,BoisdeLiesse,N31C15BDL8,3,0,CN,NO,NO,N,NA
25/05/2023,0627,5,BoisdeLiesse,N3C2BDL1,NA,NA,CN,IU,RA,N,NA
25/05/2023,0632,5,BoisdeLiesse,N44R26BDL15,4,NA,CN,NO,RA,N,NA
25/05/2023,0635,5,BoisdeLiesse,N21C10BDL4,3,1,CN,HY,RA,N,NA
25/05/2023,0800,8,BoisdeLiesse,N32R17BDL9,NA,NA,CN,IU,RA,N,NA
25/05/2023,0820,9,BoisdeLiesse,N45C19BDL16,3,NA,CN,NO,VA,N,NA
25/05/2023,0940,11,BoisdeLiesse,N33R18BDL10,NA,3,CN,FY,FA,N,NA
25/05/2023,1002,11,BoisdeLiesse,N37C18BDL14,3,NA,CN,NO,AA,N,NA
25/05/2023,1006,11,BoisdeLiesse,N34C16BDL11,NA,NA,CN,NO,NO,N,NA
25/05/2023,1030,12,BoisdeLiesse,N36C17BDL13,NA,NA,IU,IU ,NO,,NA
28/05/2023,1430,28,BoisdeLiesse,N3C2BDL1,NA,NA,DN,NO,NO,N,NA
28/05/2023,1433,28,BoisdeLiesse,N44R26BDL15,NA,NA,CN,IU ,RA,N,NA
28/05/2023,1440,28,BoisdeLiesse,N21C10BDL4,1,3,CN,NO,NO,N,NA
28/05/2023,1442,28,BoisdeLiesse,N52GC1BDL17,NA,NA,CN,IU,NO,N,NA
28/05/2023,1508,28,BoisdeLiesse,N54C21BDL19,NA,3,CN,IU,NO,N,NA
28/05/2023,1520,28,BoisdeLiesse,N33R18BDL10,NA,NA,CN,IU,NO,N,NA
28/05/2023,1525,28,BoisdeLiesse,N37C18BDL14,NA,NA,CN,IU,RA,N,NA
28/05/2023,1447,28,BoisdeLiesse,N53GC1BDL18,NA,NA,CN,IU,NO,N,NA
28/05/2023,1500,28,BoisdeLiesse,N45C19BDL16,NA,NA,IU,IU,NO,N,NA
28/05/2023,1514,28,BoisdeLiesse,N55GC2BDL20,NA,NA,IU,IU,IU,N,NA
28/05/2023,1523,28,BoisdeLiesse,N56YW3BDL22,NA,NA,CN,IU,NO,N,NA
28/05/2023,1427,28,BoisdeLiesse,N58GC3BDL23,NA,NA,CN,IU,NO,N,NA
28/05/2023,1436,28,BoisdeLiesse,N57R31BDL22,NA,NA,CN,IU,NO,N,NA
28/05/2023,1456,28,BoisdeLiesse,N32R17BDL9,NA,NA,CN,IU,RA,N,NA
31/05/2023,0616,14,BoisdeLiesse,N44R26BDL15,4,NA,CN,IU,RA,Y,Squirrel 
31/05/2023,0627,14,BoisdeLiesse,N21C10BDL4,NA,2,CN,PY,VA,N,NA
31/05/2023,0614,14,BoisdeLiesse,N58GC3BDL23,NA,NA,CN,NA,NO,N,NA
31/05/2023,0621,14,BoisdeLiesse,N57R31BDL22,3,NA,CN,NO,NO,Y,Squirrel 
31/05/2023,0628,14,BoisdeLiesse,N52R30BDL17,NA,NA,IU,IU,NO,N,NA
31/05/2023,0638,14,BoisdeLiesse,N53GC1BDL18,NA,NA,CN,NO,NO,N,NA
31/05/2023,0645,14,BoisdeLiesse,N32R17BDL9,0,2,CN,PY,VA,N,NA
31/05/2023,0703,17,BoisdeLiesse,N45C19BDL16,NA,NA,CN,NO,NO,N,NA
31/05/2023,0714,17,BoisdeLiesse,N55GC2BDL20,NA,NA,CN,NO,RA,N,NA
31/05/2023,0732,18,BoisdeLiesse,N56YW3BDL21,NA,NA,CN,IU,NO,Y,Crow 
31/05/2023,0740,18,BoisdeLiesse,N37C18BDL14,3,NA,CN,NO,AA,N,NA
31/05/2023,0840,18,BoisdeLiesse,N54C21BDL19,NA,NA,DN,NO,NO,N,NA
03/06/2023,0950,14,BoisdeLiesse,N58GC3BDL23,1,0,CN,NO,NO,N,NA
03/06/2023,0953,14,BoisdeLiesse,N57C23BDL24,NA,NA,CN,NA,RA,N,NA
03/06/2023,0955,14,BoisdeLiesse,N44R26BDL15,4,0,CN,NO,NO,N,NA
03/06/2023,0957,14,BoisdeLiesse,N57R31BDL22,3,0,CN,NO,NO,N,NA
03/06/2023,1003,14,BoisdeLiesse,N21C10BDL4,0,2,CN,FY,NO,N,NA
03/06/2023,1012,14,BoisdeLiesse,N52R30BDL17,NA,NA,CN,NA,NO,N,NA
03/06/2023,1024,14,BoisdeLiesse,N32R17BDL9,NA,NA,CN,NA,RA,N,NA
03/06/2023,1043,14,BoisdeLiesse,N55GC2BDL20,1,0,DN,NO,NO,N,NA
03/06/2023,1050,14,BoisdeLiesse,N56YW3BDL21,NA,NA,CN,NA,NO,Y,Squirrel 
03/06/2023,1051,14,BoisdeLiesse,N37C18BDL14,0,2,CN,NY,AA,N,NA
03/06/2023,1015,14,BoisdeLiesse,N57GC1BDL18,0,0,CN,NO,NO,N,NA
06/06/2023,0630,13,BoisdeLiesse,N44R26BDL15,NA,NA,CN,IU,RA,N,NA
06/06/2023,0634,13,BoisdeLiesse,N21C10BDL4,1,NA,CN,NO,NO,Y,Crow
06/06/2023,0632,13,BoisdeLiesse,N57R31BDL22,3,NA,CN,NO,NO,N,NA
06/06/2023,0804,15,BoisdeLiesse,N37C18BDL14,0,NA,DN,NO,VA,N,NA
06/06/2023,0640,13,BoisdeLiesse,N53GC1BDL17,NA,NA,CN,NO,VA,N,NA
06/06/2023,0748,14,BoisdeLiesse,N55GC2BDL20,NA,NA,CN,NO,NO,N,NA
06/06/2023,0804,15,BoisdeLiesse,N56YW3BDL22,NA,NA,CN,IU,VA,N,NA
06/06/2023,0622,13,BoisdeLiesse,N58GC3BDL23,1,NA,CN,NO,NO,N,NA
06/06/2023,0645,13,BoisdeLiesse,N52R30BDL17,NA,NA,CN,IU,NO,Y,Crow
06/06/2023,0733,14,BoisdeLiesse,N32R17BDL9,NA,3,CN,NO,VA,N,NA
06/06/2023,0624,13,BoisdeLiesse,N67C23BDL24,2,NA,DN,NO,NO,N,NA
09/06/2023,0701,11,BoisdeLiesse,N44R26BDL15,NA,4,CN,PY,VA,Y,Squirrel 
09/06/2023,0638,11,BoisdeLiesse,N57R31BDL22,3,NA,CN,NO,NO,N,NA
09/06/2023,0724,11,BoisdeLiesse,N53GC1BDL17,4,NA,CN,NO,AA,N,NA
09/06/2023,0757,11,BoisdeLiesse,N56YW3BDL22,NA,NA,CN,IU,NO,N,NA
09/06/2023,0622,11,BoisdeLiesse,N58GC3BDL23,1,NA,CN,NO,NO,N,NA
09/06/2023,0716,11,BoisdeLiesse,N52R30BDL17,NA,NA,DN,NO,VA,N,NA
09/06/2023,0733,11,BoisdeLiesse,N32R17BDL9,NA,2,CN,FY,VA,N,NA
09/06/2023,0634,11,BoisdeLiesse,N67C23BDL24,2,NA,CN,NO,NO,N,NA
09/06/2023,0838,13,BoisdeLiesse,N74GC5BDL25,NA,NA,CN,NO,NO,N,NA
12/06/2023,0622,19,BoisdeLiesse,N44R26BDL15,NA,NA,RN,NO,VA,Y,Squirrel 
12/06/2023,0630,19,BoisdeLiesse,N57R31BDL22,3,NA,CN,NO,NO,Y,Squirrel 
12/06/2023,0631,19,BoisdeLiesse,N58GC3BDL23,1,NA,CN,NO,VA,N,NA
12/06/2023,0632,19,BoisdeLiesse,N67C23BDL24,2,NA,CN,NO,NO,N,NA
12/06/2023,0703,19,BoisdeLiesse,N82YW14BDL26,NA,NA,RN,NO,NO,N,NA
12/06/2023,0735,19,BoisdeLiesse,N53GC1BDL18,4,NA,CN,NO,NO,N,NA
12/06/2023,0748,19,BoisdeLiesse,N32R17BDL9,NA,NA,FN,NO,NO,N,NA
12/06/2023,0802,19,BoisdeLiesse,N83GC7BDL27,NA,NA,CN,NO,VA,N,NA
12/06/2023,0808,19,BoisdeLiesse,N56YW3BDL21,NA,NA,CN,IU,NO,N,NA
12/06/2023,0823,20,BoisdeLiesse,N84GC8BDL28,3,NA,CN,NO,VA,N,NA
12/06/2023,0826,20,BoisdeLiesse,N85YW15BDL29,NA,NA,CN,NO,NO,N,NA
12/06/2023,0854,20,BoisdeLiesse,N74GC5BDL25,NA,NA,CN,NO,VA,Y,Squirrel 
16/06/2023,0615,18,BoisdeLiesse,N58GC3BDL23,1,NA,CN,NO,NO,Y,Squirrel 
16/06/2023,0630,18,BoisdeLiesse,N67C23BDL24,2,NA,CN,NO,VA,Y,Squirrel 
16/06/2023,0720,18,BoisdeLiesse,N53GC1BDL18,NA,NA,CN,NO,VA,N,NA
16/06/2023,0742,18,BoisdeLiesse,N83GC7BDL27,NA,NA,CN,NO,NO,N,NA
16/06/2023,0745,18,BoisdeLiesse,N56YW3BDL21,NA,NA,CN,NO,RA,N,NA
16/06/2023,0755,18,BoisdeLiesse,N84GC8BDL28,NA,NA,CN,NO,RA,N,NA
16/06/2023,0756,18,BoisdeLiesse,N85YW15BDL29,NA,NA,CN,NO,VA,N,NA
16/06/2023,0802,18,BoisdeLiesse,N74GC5BDL25,NA,NA,CN,NO,NO,N,NA
16/06/2023,0655,18,BoisdeLiesse,N87YW16BDL30,5,NA,CN,NO,AA,Y,Crow
19/06/2023,1332,20,BoisdeLiesse,N58GC3BDL23,1,NA,CN,NO,NO,N,NA
19/06/2023,1214,19,BoisdeLiesse,N67C23BDL24,2,NA,CN,NO,NO,N,NA
19/06/2023,1226,19,BoisdeLiesse,N53GC1BDL18,NA,NA,CN,IU,AA,N,NA
19/06/2023,1238,19,BoisdeLiesse,N83GC7BDL27,NA,NA,FN,IU,NO,,NA
19/06/2023,1242,20,BoisdeLiesse,N56YW3BDL21,NA,NA,CN,IU,VA,Y,Squirrel 
19/06/2023,1256,20,BoisdeLiesse,N84GC8BDL28,3,NA,CN,IU,VA,N,NA
19/06/2023,1213,19,BoisdeLiesse,N85YW15BDL29,1,3,CN,HY,VA,N,NA
19/06/2023,1305,20,BoisdeLiesse,N74GC5BDL25,NA,NA,CN,NO,NO,N,NA
19/06/2023,1340,20,BoisdeLiesse,N87YW16BDL31,NA,NA,FN,NO,NO,N,NA
22/06/2023,0739,19,BoisdeLiesse,N67C23BDL24,NA,NA,CN,NO,VA,Y,Squirrel 
22/06/2023,0733,19,BoisdeLiesse,N53GC1BDL18,NA,NA,CN,IU,RA,Y,Crow 
22/06/2023,0630,17,BoisdeLiesse,N56YW3BDL21,NA,NA,CN,IU,VA,Y,Squirrel 
22/06/2023,0700,18,BoisdeLiesse,N84GC8BDL28,3,NA,CN,NO,AA,N,NA
22/06/2023,0740,19,BoisdeLiesse,N85YW15BDL29,NA,3,CN,PY,VA,Y,Squirrel 
26/06/2023,0918,20,BoisdeLiesse,N53GC1BDL18,NA,NA,CN,IU,RA,N,NA
26/06/2023,0926,20,BoisdeLiesse,N56YW3BDL21,NA,NA,CN,IU,RA,N,NA
26/06/2023,0939,22,BoisdeLiesse,N84GC8BDL28,NA,NA,CN,IU,RA,Y,Squirrel 
26/06/2023,0911,20,BoisdeLiesse,N85YW15BDL29,NA,4,CN,FY,VA,N,NA
26/06/2023,0910,20,BoisdeLiesse,N67C23BDL24,1,NA,CN,NO,VA,N,NA
26/06/2023,0950,22,BoisdeLiesse,N94GC10BDL32,NA,1,CN,FY,VA,N,NA
30/06/2023,1018,22,BoisdeLiesse,N53GC1BDL18,NA,NA,CN,IU,NO,N,NA
30/06/2023,1047,22,BoisdeLiesse,N56YW3BDL21,NA,NA,CN,IU,NO,N,NA
30/06/2023,1100,24,BoisdeLiesse,N84GC8BDL28,NA,NA,CN,IU,VA,N,NA
30/06/2023,1109,24,BoisdeLiesse,N85YW15BDL29,0,0,CN,NO,NO,N,NA
30/06/2023,1205,25,BoisdeLiesse,N94GC10BDL32,1,0,CN,NO,VA,N,NA
04/07/2023,1020,24,BoisdeLiesse,N56YW3BDL21,NA,NA,CN,IU,NO,N,NA
04/07/2023,1000,24,BoisdeLiesse,N84GC8BDL28,NA,NA,CN,NO,NO,N,NA
04/07/2023,1006,24,BoisdeLiesse,N85YW15BDL29,NA,NA,CN,NO,VA,N,NA
04/07/2023,0942,24,BoisdeLiesse,N99GC11BDL33,1,NA,CN,NO,VA,N,NA
06/07/2023,1020,31,BoisdeLiesse,N56YW3BDL21,NA,NA,CN,IU,NO,N,NA
06/07/2023,1032,31,BoisdeLiesse,N99GC11BDL33,1,NA,CN,NO,VA,N,NA
10/07/2023,1052,21,BoisdeLiesse,N99GC11BDL33,1,NA,CN,NO,NO,N,NA
13/07/2023,0910,20,BoisdeLiesse,N99GC11BDL33,1,0,CN,NO,NO,N,NA
17/7/2023,1030,25,BoisdeLiesse,N99GC11BDL33,1,0,CN,NO,NO,N,NA
13/05/2023,1407,19,StoneyCroft,N26C14STNY2,NA,NA,CN,NO,NO,N,NA
13/05/2023,1420,19,StoneyCroft,N25R12STNY1,4,NA,CN,NO,RA,N,NA
16/05/2023,1413,11,StoneyCroft,N26C14STNY2,NA,NA,CN,NO,NO,N,NA
16/05/2023,1420,11,StoneyCroft,N25R12STNY1,NA,NA,CN,NO,RA,N,NA
19/05/2023,1125,19,StoneyCroft,N26C14STNY2,NA,NA,DN,NO,NO,N,NA
19/05/2023,1139,19,StoneyCroft,N25R12STNY1,NA,NA,CN,IU,RA,N,NA
23/05/2023,0659,19,StoneyCroft,N25R12STNY1,1,3,CN,PY,VA,Y,Crow
26/05/2023,0649,9,StoneyCroft,N25R12STNY1,NA,NA,CN,IU,RA,N,NA
26/05/2023,0656,9,StoneyCroft,N47R28STNY3,NA,NA,IU,NO,NO,N,NA
28/05/2023,0914,17,StoneyCroft,N25R12STNY1,NA,3,CN,PY,VA,N,NA
28/05/2023,0946,18,StoneyCroft,N47R28STNY3,NA,NA,CN,NO,NO,N,NA
28/05/2023,0929,17,StoneyCroft,N60GC3STNY5,NA,NA,CN,NO,NO,N,NA
01/06/2023,1021,27,StoneyCroft,N25R12STNY1,NA,3,CN,FY,AA,N,NA
01/06/2023,1006,27,StoneyCroft,N60GC3STNY5,NA,NA,CN,NO,NO,N,NA
04/06/2023,1134,15,StoneyCroft,N60GC4STNY5,NA,NA,CN,IU,NO,Y,Chipmunk
04/06/2023,1136,15,StoneyCroft,N47R28STNY3,NA,NA,CN,IU,AA,N,NA
04/06/2023,1141,15,StoneyCroft,N25R12STNY1,NA,3,FN,VY,VA,N,NA
04/06/2023,1107,15,StoneyCroft,N68R35STNY6,NA,NA,CN,NO,VA,N,NA
07/06/2023,0630,11,StoneyCroft,N60GC4STNY5,NA,NA,CN,NO,NO,N,NA
07/06/2023,0631,11,StoneyCroft,N68R35STNY6,NA,NA,CN,IU,AA,N,NA
10/06/2023,1814,22,StoneyCroft,N68R35STNY6,NA,NA,CN,IU,RA,N,NA
10/06/2023,1820,22,StoneyCroft,N75YW11STNY7,NA,NA,CN,IU,NO,N,NA
10/06/2023,1820,22,StoneyCroft,N76YW12SNTY8,NA,NA,CN,IU,RA,N,NA
14/06/2023,0625,13,StoneyCroft,N68R35STNY6,3,NA,CN,NO,AA,N,NA
14/06/2023,0630,13,StoneyCroft,N75YW11STNY7,NA,NA,CN,IU,VA,N,NA
14/06/2023,0625,13,StoneyCroft,N76YW12SNTY8,4,NA,CN,NO,AA,N,NA
16/06/2023,0850,17,StoneyCroft,N68R35STNY6,NA,NA,CN,IU,RA,N,NA
16/06/2023,0855,17,StoneyCroft,N75YW11STNY7,NA,NA,CN,IU,RA,N,NA
16/06/2023,0922,17,StoneyCroft,N76YW12SNTY8,NA,NA,CN,IU,NO,N,NA
16/06/2023,0855,17,StoneyCroft,N89C24STNY9,2,NA,CN,IU,AA,N,NA
16/06/2023,0909,17,StoneyCroft,N90C25STNY10,3,NA,CN,NO,NO,N,NA
16/06/2023,0925,17,StoneyCroft,N91YW18STNY11,NA,NA,DN,IU,IU ,N,NA
20/06/2023,1158,23,StoneyCroft,N68R35STNY6,NA,2,CN,PY,VA,N,NA
20/06/2023,0638,13,StoneyCroft,N75YW11STNY7,NA,NA,CN,IU,RA,N,NA
20/06/2023,0632,13,StoneyCroft,N76YW12SNTY8,NA,NA,CN,IU,RA,N,NA
20/06/2023,0630,13,StoneyCroft,N89C24STNY9,2,NA,CN,NO,VA,N,NA
20/06/2023,1055,22,StoneyCroft,N90C25STNY10,3,NA,CN,NO,VA,N,NA
20/06/2023,1225,23,StoneyCroft,N91YW18STNY11,NA,NA,DN,IU,NO,N,NA
22/06/2023,0712,18,StoneyCroft,N68R35STNY6,NA,NA,CN,NO,NO,N,NA
22/06/2023,0651,18,StoneyCroft,N75YW11STNY7,NA,NA,IU,IU,IU,N,NA
22/06/2023,0644,18,StoneyCroft,N76YW12SNTY8,NA,NA,CN,IU,RA,N,NA
22/06/2023,0645,18,StoneyCroft,N89C24STNY9,2,NA,CN,NO,AA,N,NA
22/06/2023,0849,18,StoneyCroft,N90C25STNY10,3,NA,CN,NO,NO,N,NA
22/06/2023,0650,18,StoneyCroft,N91YW18STNY11,NA,NA,DN,IU,NO,N,NA
22/06/2023,0656,18,StoneyCroft,N92YW19STNY12,NA,NA,CN,IU,NO,N,NA
26/06/2023,1140,24,StoneyCroft,N75YW11STNY7,NA,NA,CN,IU,IU,N,NA
26/06/2023,1134,24,StoneyCroft,N76YW12SNTY8,NA,NA,CN,IU,VA,Y,Squirrel 
26/06/2023,1130,24,StoneyCroft,N89C24STNY9,NA,NA,CN,NO,NO,N, 
26/06/2023,1148,24,StoneyCroft,N90C25STNY10,NA,NA,CN,IU,NO,N,NA
26/06/2023,1142,24,StoneyCroft,N92YW19STNY12,NA,NA,CN,IU,VA,Y,Squirrel 
30/06/2023,1006,23,StoneyCroft,N75YW11STNY7,NA,NA,IU,IU,IU,N,NA
30/06/2023,1056,23,StoneyCroft,N90C25STNY10,NA,NA,CN,IU,NO,N,NA
30/06/2023,1034,23,StoneyCroft,N92YW19STNY12,NA,NA,CN,IU,NO,N,NA
04/07/2023,1307,27,StoneyCroft,N75YW11STNY7,NA,NA,CN,IU,IU,N,NA
04/07/2023,1314,27,StoneyCroft,N90C25STNY10,NA,NA,CN,NO,NO,N,NA
04/07/2023,1303,27,StoneyCroft,N92YW19STNY12,NA,NA,CN,IU,NO,N,NA
07/07/2023,0728,23,StoneyCroft,N92YW19STNY12,NA,NA,CN,IU,NO,N,NA
07/07/2023,0725,23,StoneyCroft,N75YW11STNY7,NA,NA,IU,IU,NO,N,NA
07/07/2023,0732,23,StoneyCroft,N96YW22STNY14,NA,0,CN,NO,NO,N,NA
11/07/2023,1012,20,StoneyCroft,N92YW19STNY12,NA,NA,CN,IU,NO,N,NA
11/07/2023,1008,20,StoneyCroft,N75YW11STNY7,NA,NA,CN,IU,IU,N,NA
11/07/2023,1001,20,StoneyCroft,N96YW22STNY14,NA,NA,RN,IU,NO,N,NA
,,,,,,,,,,,NA
,,,,,,,,,,,NA
,,,,,,,,,,,NA
,,,,,,,,,,,NA
,,,,,,,,,,,NA
,,,,,,,,,,,NA
,,,,,,,,,,,NA
,,,,,,,,,,,NA
,,,,,,,,,,,NA
,,,,,,,,,,,NA
,,,,,,,,,,,NA
,,,,,,,,,,,NA
,,,,,,,,,,,NA
,,,,,,,,,,,NA
,,,,,,,,,,,NA
,,,,,,,,,,,NA
,,,,,,,,,,,NA
,,,,,,,,,,,NA
,,,,,,,,,,,NA
,,,,,,,,,,,NA
,,,,,,,,,,,NA
,,,,,,,,,,,NA
,,,,,,,,,,,NA
,,,,,,,,,,,NA
,,,,,,,,,,,NA
,,,,,,,,,,,NA
,,,,,,,,,,,NA
,,,,,,,,,,,NA
,,,,,,,,,,,NA
,,,,,,,,,,,NA
,,,,,,,,,,,NA
,,,,,,,,,,,NA
,,,,,,,,,,,NA
,,,,,,,,,,,NA
,,,,,,,,,,,NA
,,,,,,,,,,,NA
,,,,,,,,,,,NA
,,,,,,,,,,,NA
,,,,,,,,,,,NA
,,,,,,,,,,,NA
,,,,,,,,,,,NA
,,,,,,,,,,,NA
,,,,,,,,,,,NA
,,,,,,,,,,,NA
,,,,,,,,,,,NA
,,,,,,,,,,,NA
,,,,,,,,,,,NA
,,,,,,,,,,,NA
,,,,,,,,,,,NA
,,,,,,,,,,,NA
,,,,,,,,,,,NA
,,,,,,,,,,,NA
,,,,,,,,,,,NA
,,,,,,,,,,,NA
,,,,,,,,,,,NA
,,,,,,,,,,,NA
,,,,,,,,,,,NA
,,,,,,,,,,,NA
,,,,,,,,,,,NA
,,,,,,,,,,,NA
,,,,,,,,,,,NA
,,,,,,,,,,,NA
,,,,,,,,,,,NA
,,,,,,,,,,,NA
,,,,,,,,,,,NA
,,,,,,,,,,,NA
,,,,,,,,,,,NA
,,,,,,,,,,,NA
,,,,,,,,,,,NA
,,,,,,,,,,,NA
,,,,,,,,,,,NA
,,,,,,,,,,,NA
,,,,,,,,,,,NA
,,,,,,,,,,,NA
,,,,,,,,,,,NA
,,,,,,,,,,,NA
,,,,,,,,,,,NA
,,,,,,,,,,,NA
,,,,,,,,,,,NA
,,,,,,,,,,,NA
,,,,,,,,,,,NA
,,,,,,,,,,,NA
,,,,,,,,,,,NA
,,,,,,,,,,,NA
,,,,,,,,,,,NA
,,,,,,,,,,,NA
,,,,,,,,,,,NA
,,,,,,,,,,,NA
,,,,,,,,,,,NA
,,,,,,,,,,,NA
,,,,,,,,,,,NA
,,,,,,,,,,,NA
,,,,,,,,,,,NA
,,,,,,,,,,,NA
,,,,,,,,,,,NA
,,,,,,,,,,,NA
,,,,,,,,,,,NA
,,,,,,,,,,,NA
,,,,,,,,,,,NA
,,,,,,,,,,,NA
,,,,,,,,,,,NA
,,,,,,,,,,,NA
,,,,,,,,,,,NA
,,,,,,,,,,,NA
,,,,,,,,,,,NA
,,,,,,,,,,,NA
,,,,,,,,,,,NA
,,,,,,,,,,,NA
,,,,,,,,,,,NA
,,,,,,,,,,,NA
,,,,,,,,,,,NA
,,,,,,,,,,,NA
,,,,,,,,,,,NA
,,,,,,,,,,,NA
,,,,,,,,,,,NA
,,,,,,,,,,,NA
,,,,,,,,,,,NA
,,,,,,,,,,,NA
,,,,,,,,,,,NA
,,,,,,,,,,,NA
,,,,,,,,,,,NA
,,,,,,,,,,,NA
,,,,,,,,,,,NA
,,,,,,,,,,,NA
,,,,,,,,,,,NA
,,,,,,,,,,,NA
,,,,,,,,,,,NA
,,,,,,,,,,,NA
,,,,,,,,,,,NA
,,,,,,,,,,,NA
,,,,,,,,,,,NA
,,,,,,,,,,,NA
,,,,,,,,,,,NA
,,,,,,,,,,,NA
,,,,,,,,,,,NA
,,,,,,,,,,,NA
,,,,,,,,,,,NA
,,,,,,,,,,,NA
,,,,,,,,,,,NA
,,,,,,,,,,,NA
,,,,,,,,,,,NA
,,,,,,,,,,,NA
,,,,,,,,,,,NA
,,,,,,,,,,,NA
,,,,,,,,,,,NA
,,,,,,,,,,,NA
,,,,,,,,,,,NA
,,,,,,,,,,,NA
,,,,,,,,,,,NA
,,,,,,,,,,,NA
,,,,,,,,,,,NA
,,,,,,,,,,,NA
,,,,,,,,,,,NA
,,,,,,,,,,,NA
,,,,,,,,,,,NA
,,,,,,,,,,,NA
,,,,,,,,,,,NA
,,,,,,,,,,,NA
,,,,,,,,,,,NA
,,,,,,,,,,,NA
,,,,,,,,,,,NA
,,,,,,,,,,,NA
,,,,,,,,,,,NA
,,,,,,,,,,,NA
,,,,,,,,,,,NA
,,,,,,,,,,,NA
,,,,,,,,,,,NA
,,,,,,,,,,,NA
,,,,,,,,,,,NA
,,,,,,,,,,,NA
,,,,,,,,,,,NA
,,,,,,,,,,,NA
,,,,,,,,,,,NA
,,,,,,,,,,,NA
,,,,,,,,,,,NA
,,,,,,,,,,,NA
,,,,,,,,,,,NA
,,,,,,,,,,,NA
,,,,,,,,,,,NA
,,,,,,,,,,,NA
,,,,,,,,,,,NA
,,,,,,,,,,,NA
,,,,,,,,,,,NA
,,,,,,,,,,,NA
,,,,,,,,,,,NA
,,,,,,,,,,,NA
,,,,,,,,,,,NA
,,,,,,,,,,,NA
,,,,,,,,,,,NA
,,,,,,,,,,,NA
,,,,,,,,,,,NA
,,,,,,,,,,,NA
,,,,,,,,,,,NA
,,,,,,,,,,,NA
,,,,,,,,,,,NA
,,,,,,,,,,,NA
,,,,,,,,,,,NA
,,,,,,,,,,,NA
,,,,,,,,,,,NA
,,,,,,,,,,,NA
,,,,,,,,,,,NA
,,,,,,,,,,,NA
,,,,,,,,,,,NA
,,,,,,,,,,,NA
,,,,,,,,,,,NA
,,,,,,,,,,,NA
,,,,,,,,,,,NA
,,,,,,,,,,,NA
,,,,,,,,,,,NA
,,,,,,,,,,,NA
,,,,,,,,,,,NA
,,,,,,,,,,,NA
,,,,,,,,,,,NA
,,,,,,,,,,,NA
,,,,,,,,,,,NA
,,,,,,,,,,,NA
,,,,,,,,,,,NA
,,,,,,,,,,,NA
,,,,,,,,,,,NA
,,,,,,,,,,,NA
,,,,,,,,,,,NA
,,,,,,,,,,,NA
,,,,,,,,,,,NA
,,,,,,,,,,,NA
,,,,,,,,,,,NA
,,,,,,,,,,,NA
,,,,,,,,,,,NA
,,,,,,,,,,,NA
,,,,,,,,,,,NA
,,,,,,,,,,,NA
,,,,,,,,,,,NA
,,,,,,,,,,,NA
,,,,,,,,,,,NA
,,,,,,,,,,,NA
,,,,,,,,,,,NA
,,,,,,,,,,,NA
,,,,,,,,,,,NA
,,,,,,,,,,,NA
,,,,,,,,,,,NA
,,,,,,,,,,,NA
,,,,,,,,,,,NA
,,,,,,,,,,,NA
,,,,,,,,,,,NA
,,,,,,,,,,,NA
,,,,,,,,,,,NA
,,,,,,,,,,,NA
,,,,,,,,,,,NA
,,,,,,,,,,,NA
,,,,,,,,,,,NA
,,,,,,,,,,,NA
,,,,,,,,,,,NA
,,,,,,,,,,,NA
,,,,,,,,,,,NA
,,,,,,,,,,,NA
,,,,,,,,,,,NA
,,,,,,,,,,,NA
,,,,,,,,,,,NA
,,,,,,,,,,,NA
,,,,,,,,,,,NA
,,,,,,,,,,,NA
,,,,,,,,,,,NA
,,,,,,,,,,,NA
,,,,,,,,,,,NA
,,,,,,,,,,,NA
,,,,,,,,,,,NA
,,,,,,,,,,,NA
,,,,,,,,,,,NA
,,,,,,,,,,,NA
,,,,,,,,,,,NA
,,,,,,,,,,,NA
,,,,,,,,,,,NA
,,,,,,,,,,,NA
,,,,,,,,,,,NA
,,,,,,,,,,,NA
,,,,,,,,,,,NA
,,,,,,,,,,,NA
,,,,,,,,,,,NA
,,,,,,,,,,,NA
,,,,,,,,,,,NA
,,,,,,,,,,,NA
,,,,,,,,,,,NA
,,,,,,,,,,,NA
,,,,,,,,,,,NA
,,,,,,,,,,,NA
,,,,,,,,,,,NA
,,,,,,,,,,,NA
,,,,,,,,,,,NA
,,,,,,,,,,,NA
,,,,,,,,,,,NA
,,,,,,,,,,,NA
,,,,,,,,,,,NA
,,,,,,,,,,,NA
,,,,,,,,,,,NA
,,,,,,,,,,,NA
,,,,,,,,,,,NA
,,,,,,,,,,,NA
,,,,,,,,,,,NA
,,,,,,,,,,,NA
,,,,,,,,,,,NA
,,,,,,,,,,,NA
,,,,,,,,,,,NA
,,,,,,,,,,,NA
,,,,,,,,,,,NA
,,,,,,,,,,,NA
,,,,,,,,,,,NA
,,,,,,,,,,,NA
,,,,,,,,,,,NA
,,,,,,,,,,,NA
,,,,,,,,,,,NA
,,,,,,,,,,,NA
,,,,,,,,,,,NA
,,,,,,,,,,,NA
,,,,,,,,,,,NA
,,,,,,,,,,,NA
,,,,,,,,,,,NA
,,,,,,,,,,,NA
,,,,,,,,,,,NA
,,,,,,,,,,,NA
,,,,,,,,,,,NA
,,,,,,,,,,,NA
,,,,,,,,,,,NA
,,,,,,,,,,,NA
,,,,,,,,,,,NA
,,,,,,,,,,,NA
,,,,,,,,,,,NA
,,,,,,,,,,,NA
,,,,,,,,,,,NA
,,,,,,,,,,,NA
,,,,,,,,,,,NA
,,,,,,,,,,,NA
,,,,,,,,,,,NA
,,,,,,,,,,,NA
,,,,,,,,,,,NA
,,,,,,,,,,,NA
,,,,,,,,,,,NA
,,,,,,,,,,,NA
,,,,,,,,,,,NA
,,,,,,,,,,,NA
,,,,,,,,,,,NA
,,,,,,,,,,,NA
,,,,,,,,,,,NA
,,,,,,,,,,,NA
,,,,,,,,,,,NA
,,,,,,,,,,,NA
,,,,,,,,,,,NA
,,,,,,,,,,,NA
,,,,,,,,,,,NA
,,,,,,,,,,,NA
,,,,,,,,,,,NA
,,,,,,,,,,,NA
,,,,,,,,,,,NA
,,,,,,,,,,,NA
,,,,,,,,,,,NA
,,,,,,,,,,,NA
,,,,,,,,,,,NA
,,,,,,,,,,,NA
,,,,,,,,,,,NA
,,,,,,,,,,,NA
,,,,,,,,,,,NA
,,,,,,,,,,,NA
,,,,,,,,,,,NA
,,,,,,,,,,,NA
,,,,,,,,,,,NA
,,,,,,,,,,,NA
,,,,,,,,,,,NA
,,,,,,,,,,,NA
,,,,,,,,,,,NA
,,,,,,,,,,,NA
,,,,,,,,,,,NA
,,,,,,,,,,,NA
,,,,,,,,,,,NA
,,,,,,,,,,,NA
,,,,,,,,,,,NA
,,,,,,,,,,,NA
,,,,,,,,,,,NA
,,,,,,,,,,,NA
,,,,,,,,,,,NA
,,,,,,,,,,,NA
,,,,,,,,,,,NA
,,,,,,,,,,,NA
,,,,,,,,,,,NA
,,,,,,,,,,,NA
,,,,,,,,,,,NA
,,,,,,,,,,,NA
,,,,,,,,,,,NA
,,,,,,,,,,,NA
,,,,,,,,,,,NA
,,,,,,,,,,,NA
,,,,,,,,,,,NA
,,,,,,,,,,,NA
,,,,,,,,,,,NA
,,,,,,,,,,,NA
,,,,,,,,,,,NA
,,,,,,,,,,,NA
,,,,,,,,,,,NA
,,,,,,,,,,,NA
,,,,,,,,,,,NA
,,,,,,,,,,,NA
,,,,,,,,,,,NA
,,,,,,,,,,,NA
,,,,,,,,,,,NA
,,,,,,,,,,,NA
,,,,,,,,,,,NA
,,,,,,,,,,,NA
,,,,,,,,,,,NA
,,,,,,,,,,,NA
,,,,,,,,,,,NA
,,,,,,,,,,,NA
,,,,,,,,,,,NA
,,,,,,,,,,,NA
,,,,,,,,,,,NA
,,,,,,,,,,,NA
,,,,,,,,,,,NA
,,,,,,,,,,,NA
,,,,,,,,,,,NA
,,,,,,,,,,,NA
,,,,,,,,,,,NA
,,,,,,,,,,,NA
,,,,,,,,,,,NA
,,,,,,,,,,,NA
,,,,,,,,,,,NA
,,,,,,,,,,,NA
,,,,,,,,,,,NA
,,,,,,,,,,,NA
,,,,,,,,,,,NA
,,,,,,,,,,,NA
,,,,,,,,,,,NA
,,,,,,,,,,,NA
,,,,,,,,,,,NA
,,,,,,,,,,,NA
,,,,,,,,,,,NA
,,,,,,,,,,,NA
,,,,,,,,,,,NA
,,,,,,,,,,,NA
,,,,,,,,,,,NA
,,,,,,,,,,,NA
,,,,,,,,,,,NA
,,,,,,,,,,,NA
,,,,,,,,,,,NA
,,,,,,,,,,,NA
,,,,,,,,,,,NA
,,,,,,,,,,,NA
,,,,,,,,,,,NA
,,,,,,,,,,,NA
,,,,,,,,,,,NA
,,,,,,,,,,,NA
,,,,,,,,,,,NA
,,,,,,,,,,,NA
,,,,,,,,,,,NA
,,,,,,,,,,,NA
,,,,,,,,,,,NA
,,,,,,,,,,,NA
,,,,,,,,,,,NA
,,,,,,,,,,,NA
,,,,,,,,,,,NA
,,,,,,,,,,,NA
,,,,,,,,,,,NA
,,,,,,,,,,,NA
,,,,,,,,,,,NA
,,,,,,,,,,,NA
,,,,,,,,,,,NA
,,,,,,,,,,,NA
,,,,,,,,,,,NA
,,,,,,,,,,,NA
,,,,,,,,,,,NA
,,,,,,,,,,,NA
,,,,,,,,,,,NA
,,,,,,,,,,,NA
,,,,,,,,,,,NA
,,,,,,,,,,,NA
,,,,,,,,,,,NA
,,,,,,,,,,,NA
,,,,,,,,,,,NA
,,,,,,,,,,,NA
,,,,,,,,,,,NA
,,,,,,,,,,,NA
,,,,,,,,,,,NA
,,,,,,,,,,,NA
,,,,,,,,,,,NA
,,,,,,,,,,,NA
,,,,,,,,,,,NA
,,,,,,,,,,,NA
,,,,,,,,,,,NA
,,,,,,,,,,,NA
,,,,,,,,,,,NA
,,,,,,,,,,,NA
,,,,,,,,,,,NA
,,,,,,,,,,,NA
,,,,,,,,,,,NA
,,,,,,,,,,,NA
,,,,,,,,,,,NA
,,,,,,,,,,,NA
,,,,,,,,,,,NA
,,,,,,,,,,,NA
,,,,,,,,,,,NA
,,,,,,,,,,,NA
,,,,,,,,,,,NA
,,,,,,,,,,,NA
,,,,,,,,,,,NA
,,,,,,,,,,,NA
,,,,,,,,,,,NA
,,,,,,,,,,,NA
,,,,,,,,,,,NA
,,,,,,,,,,,NA
,,,,,,,,,,,NA
,,,,,,,,,,,NA
,,,,,,,,,,,NA
,,,,,,,,,,,NA
,,,,,,,,,,,NA
,,,,,,,,,,,NA
,,,,,,,,,,,NA
,,,,,,,,,,,NA
,,,,,,,,,,,NA
,,,,,,,,,,,NA
,,,,,,,,,,,NA
,,,,,,,,,,,NA
,,,,,,,,,,,NA
,,,,,,,,,,,NA
,,,,,,,,,,,NA
,,,,,,,,,,,NA
,,,,,,,,,,,NA
,,,,,,,,,,,NA
,,,,,,,,,,,NA
,,,,,,,,,,,NA
,,,,,,,,,,,NA
,,,,,,,,,,,NA
,,,,,,,,,,,NA
,,,,,,,,,,,NA
,,,,,,,,,,,NA
,,,,,,,,,,,NA
,,,,,,,,,,,NA
,,,,,,,,,,,NA
,,,,,,,,,,,NA
,,,,,,,,,,,NA
,,,,,,,,,,,NA
,,,,,,,,,,,NA
,,,,,,,,,,,NA
,,,,,,,,,,,NA
,,,,,,,,,,,NA
,,,,,,,,,,,NA
,,,,,,,,,,,NA
,,,,,,,,,,,NA
,,,,,,,,,,,NA
,,,,,,,,,,,NA
,,,,,,,,,,,NA
,,,,,,,,,,,NA
,,,,,,,,,,,NA
,,,,,,,,,,,NA
,,,,,,,,,,,NA
,,,,,,,,,,,NA
,,,,,,,,,,,NA
,,,,,,,,,,,NA
,,,,,,,,,,,NA
,,,,,,,,,,,NA
,,,,,,,,,,,NA
,,,,,,,,,,,NA
,,,,,,,,,,,NA
,,,,,,,,,,,NA
,,,,,,,,,,,NA
,,,,,,,,,,,NA
,,,,,,,,,,,NA
,,,,,,,,,,,NA
,,,,,,,,,,,NA
,,,,,,,,,,,NA
,,,,,,,,,,,NA
,,,,,,,,,,,NA
,,,,,,,,,,,NA
,,,,,,,,,,,NA
,,,,,,,,,,,NA
,,,,,,,,,,,NA
,,,,,,,,,,,NA
,,,,,,,,,,,NA
,,,,,,,,,,,NA
,,,,,,,,,,,NA
,,,,,,,,,,,NA
,,,,,,,,,,,NA
,,,,,,,,,,,NA
,,,,,,,,,,,NA
,,,,,,,,,,,NA